"","chromosome","chrom_num","position","locus","effect","df","Fvalue","pvalue","rank","adj_bonferroni","sig_boolean"
"1","CM084274",11,4796884,"CM084274_1_4796884.1","generation * treatment",3,8.2906786678188,2.69827614373575e-05,18,0.00277777777777778,TRUE
"2","CM084265",2,69924480,"CM084265_1_69924480.1","generation * treatment",3,8.13068312729013,3.33470013639173e-05,20,0.0025,TRUE
"3","CM084265",2,8361584,"CM084265_1_8361584.1","generation * treatment",3,7.42756175399296,8.47600873368768e-05,33,0.00151515151515152,TRUE
"4","CM084278",15,20625152,"CM084278_1_20625152.1","generation * treatment",3,7.30320494520513,9.99993877093049e-05,36,0.00138888888888889,TRUE
"5","CM084273",10,31865208,"CM084273_1_31865208.1","generation * treatment",3,7.26826329285669,0.000104756504010167,38,0.00131578947368421,TRUE
"6","CM084264",1,12084114,"CM084264_1_12084114.1","generation * treatment",3,5.98978141363823,0.000576308039900812,39,0.00128205128205128,TRUE
"7","CM084265",2,66143640,"CM084265_1_66143640.1","generation * treatment",3,6.71576976481794,0.000218645624813768,49,0.00102040816326531,TRUE
"8","CM084270",7,15641798,"CM084270_1_15641798.1","generation * treatment",3,6.42231958325202,0.000323413763627829,61,0.000819672131147541,TRUE
"9","CM084264",1,34294469,"CM084264_1_34294469.1","generation * treatment",3,6.31803012484171,0.00037172580214433,65,0.000769230769230769,TRUE
"10","CM084274",11,7449618,"CM084274_1_7449618.1","generation * treatment",3,6.21372741632702,0.000427281730567845,68,0.000735294117647059,TRUE
"11","CM084265",2,72091374,"CM084265_1_72091374.1","generation * treatment",3,6.17755322446117,0.000448433803889382,70,0.000714285714285714,TRUE
"12","CM084271",8,379032,"CM084271_1_379032.1","generation * treatment",3,6.12317424973064,0.000482221607357309,72,0.000694444444444444,TRUE
"13","CM084269",6,39737118,"CM084269_1_39737118.1","generation * treatment",3,6.11399226296377,0.000488173411473357,73,0.000684931506849315,TRUE
