"","chromosome","chrom_num","position","locus","effect","df","Fvalue","pvalue","rank","adj_bonferroni","sig_boolean"
"1","CM084265",2,8361584,"CM084265_1_8361584.1","generation * treatment",3,7.42756175399296,8.47600873368768e-05,15,0.00333333333333333,TRUE
"2","CM084273",10,31865208,"CM084273_1_31865208.1","generation * treatment",3,7.26826329285669,0.000104756504010167,16,0.003125,TRUE
"3","CM084264",1,34294469,"CM084264_1_34294469.1","generation * treatment",3,6.31803012484171,0.00037172580214433,28,0.00178571428571429,TRUE
"4","CM084274",11,7449618,"CM084274_1_7449618.1","generation * treatment",3,6.21372741632702,0.000427281730567845,30,0.00166666666666667,TRUE
"5","CM084265",2,72091374,"CM084265_1_72091374.1","generation * treatment",3,6.17755322446117,0.000448433803889382,31,0.00161290322580645,TRUE
"6","CM084271",8,379032,"CM084271_1_379032.1","generation * treatment",3,6.12317424973064,0.000482221607357309,32,0.0015625,TRUE
"7","CM084269",6,39737118,"CM084269_1_39737118.1","generation * treatment",3,6.11399226296377,0.000488173411473357,33,0.00151515151515152,TRUE
