"","chromosome","chrom_num","position","locus","effect","df","Fvalue","pvalue","rank","adj_bonferroni","sig_boolean"
"1","CM084276",13,38772835,"CM084276_1_38772835.1","treatment",2,10.5355279815421,3.92323516661485e-05,8,0.00625,TRUE
"2","CM084270",7,10495977,"CM084270_1_10495977.1","treatment",2,10.4959672210093,4.06994012837699e-05,9,0.00555555555555556,TRUE
"3","CM084269",6,35627100,"CM084269_1_35627100.1","treatment",2,9.82914021662371,7.56803406973555e-05,13,0.00384615384615385,TRUE
"4","CM084264",1,64874049,"CM084264_1_64874049.1","treatment",2,9.74178008397239,8.21046428031051e-05,14,0.00357142857142857,TRUE
"5","CM084276",13,20157325,"CM084276_1_20157325.1","treatment",2,8.7557718602625,0.000206645549070722,19,0.00263157894736842,TRUE
"6","CM084275",12,36059096,"CM084275_1_36059096.1","treatment",2,8.61572910975085,0.000235712204156817,21,0.00238095238095238,TRUE
"7","CM084275",12,39776636,"CM084275_1_39776636.1","treatment",2,8.53573653116232,0.000254129204681472,22,0.00227272727272727,TRUE
"8","CM084271",8,44090310,"CM084271_1_44090310.1","treatment",2,8.38809738575765,0.000292014633247183,23,0.00217391304347826,TRUE
"9","CM084265",2,61648596,"CM084265_1_61648596.1","treatment",2,8.3514046087305,0.000302282514050995,25,0.002,TRUE
"10","CM084269",6,1549398,"CM084269_1_1549398.1","treatment",2,7.80500665002025,0.000506243815591426,34,0.00147058823529412,TRUE
"11","CM084264",1,70175551,"CM084264_1_70175551.1","treatment",2,7.58877278255001,0.000621185439874532,41,0.00121951219512195,TRUE
"12","CM084276",13,38558640,"CM084276_1_38558640.1","treatment",2,7.53770528409153,0.000651969248700369,43,0.00116279069767442,TRUE
"13","CM084265",2,68869214,"CM084265_1_68869214.1","treatment",2,7.53055644120262,0.00065639955641473,44,0.00113636363636364,TRUE
"14","CM084275",12,2509950,"CM084275_1_2509950.1","treatment",2,7.41427494934022,0.000732873977274354,50,0.001,TRUE
"15","CM084264",1,72117221,"CM084264_1_72117221.1","treatment",2,7.40894130734944,0.000736589530907582,51,0.000980392156862745,TRUE
"16","CM084268",5,50681662,"CM084268_1_50681662.1","treatment",2,7.29687624479613,0.000819199512306373,53,0.000943396226415094,TRUE
