"","chromosome","chrom_num","position","locus","effect","df","Fvalue","pvalue","rank","adj_bonferroni","sig_boolean"
"1","CM084273",10,31865208,"CM084273_1_31865208.1","generation * treatment",2,10.8414537039327,2.95458551553764e-05,11,0.00454545454545455,TRUE
"2","CM084265",2,69924480,"CM084265_1_69924480.1","generation * treatment",2,10.5342091052889,3.92803909891747e-05,13,0.00384615384615385,TRUE
"3","CM084274",11,4796884,"CM084274_1_4796884.1","generation * treatment",2,7.10106146408892,0.000986599201579472,17,0.00294117647058824,TRUE
"4","CM084265",2,8361584,"CM084265_1_8361584.1","generation * treatment",2,8.62675515690081,0.000233281320878601,33,0.00151515151515152,TRUE
"5","CM084267",4,6420929,"CM084267_1_6420929.1","generation * treatment",2,8.19147330877,0.000351458706602254,44,0.00113636363636364,TRUE
"6","CM084267",4,956424,"CM084267_1_956424.1","generation * treatment",2,8.02750060605138,0.000410265933785565,48,0.00104166666666667,TRUE
"7","CM084269",6,39737118,"CM084269_1_39737118.1","generation * treatment",2,7.79164749010696,0.000512679325731493,54,0.000925925925925926,TRUE
"8","CM084264",1,12084114,"CM084264_1_12084114.1","generation * treatment",2,7.6690016618396,0.000575752013666353,58,0.000862068965517241,TRUE
"9","CM084266",3,70181836,"CM084266_1_70181836.1","generation * treatment",2,7.64694068188938,0.000587900611052732,62,0.000806451612903226,TRUE
