"","chromosome","chrom_num","position","locus","effect","df","Fvalue","pvalue","rank","adj_bonferroni","sig_boolean"
"1","CM084276",13,20157325,"CM084276_1_20157325.1","treatment",1,17.7091911000044,3.50327899650125e-05,5,0.01,TRUE
"2","CM084268",5,50681662,"CM084268_1_50681662.1","treatment",1,14.4280039390441,0.000179798372548161,11,0.00454545454545455,TRUE
"3","CM084266",3,65580309,"CM084266_1_65580309.1","treatment",1,14.0840425813729,0.000213876602543604,13,0.00384615384615385,TRUE
"4","CM084276",13,38558640,"CM084276_1_38558640.1","treatment",1,12.9330653440046,0.00038353621387654,21,0.00238095238095238,TRUE
"5","CM084265",2,68869214,"CM084265_1_68869214.1","treatment",1,12.8800082402044,0.000394051769899053,22,0.00227272727272727,TRUE
"6","CM084276",13,2841302,"CM084276_1_2841302.1","treatment",1,12.4561085522418,0.000489312209742873,24,0.00208333333333333,TRUE
"7","CM084279",16,32648014,"CM084279_1_32648014.1","treatment",1,11.8323599208502,0.000673837639243434,29,0.00172413793103448,TRUE
"8","CM084266",3,23321829,"CM084266_1_23321829.1","treatment",1,11.2813342870728,0.000895265568082893,33,0.00151515151515152,TRUE
"9","CM084269",6,1549398,"CM084269_1_1549398.1","treatment",1,10.7808954274343,0.00116027782830416,39,0.00128205128205128,TRUE
"10","CM084266",3,68919215,"CM084266_1_68919215.1","treatment",1,10.7307911738445,0.00119087488469666,40,0.00125,TRUE
