"","locus","stat","effect","df","Fvalue","pvalue","rank","adj_bonferroni","sig_boolean"
"1","CM084273_1_31865208.1","lme4QTL, binomial probit","generation * treatment",2,10.8414537039327,2.95458551553764e-05,4,0.0125,TRUE
"2","CM084274_1_4796884.1","lme4QTL, binomial probit","generation * treatment",2,7.10106146408892,0.000986599201579472,7,0.00714285714285714,TRUE
"3","CM084265_1_8361584.1","lme4QTL, binomial probit","generation * treatment",2,8.62675515690081,0.000233281320878601,14,0.00357142857142857,TRUE
"4","CM084269_1_39737118.1","lme4QTL, binomial probit","generation * treatment",2,7.79164749010696,0.000512679325731493,25,0.002,TRUE
"5","CM084265_1_72091374.1","lme4QTL, binomial probit","generation * treatment",2,7.40724633277743,0.000737774263194828,31,0.00161290322580645,TRUE
"6","CM084264_1_69271984.1","lme4QTL, binomial probit","generation * treatment",2,7.25754465550268,0.000850355550762721,32,0.0015625,TRUE
